{
  "mae": 0.15706748187703537,
  "precision@k": 0.0579666858127513,
  "recall@k": 0.14912597043734696,
  "map@k": 0.028359246106989495,
  "ndcg@k": 0.09040525688336626,
  "diversity@k": 0.35,
  "novelty@k": 0.691969023414686,
  "serendipity@k": 0.03696561645964536
}